<?xml version="1.0" encoding="UTF-8"?>
<!--
    Copyright (c) 2009 Codehaus.org, SpringSource, and others.
    All rights reserved. This program and the accompanying materials
    are made available under the terms of the Eclipse Public License v1.0
    which accompanies this distribution, and is available at
    http://www.eclipse.org/legal/epl-v10.html
 -->
<feature
      id="org.codehaus.groovy17.feature"
      label="%featureName"
      version="2.6.1.xx-20120213-1100-e37"
      provider-name="%providerName"
      plugin="org.codehaus.groovy.eclipse">

   <description url="%descriptionURL">
      %description
   </description>

   <copyright>
      %copyright
   </copyright>

   <license url="%license.html">
      %license
   </license>

   <requires>
      <import plugin="org.apache.ant"/>
      <import plugin="org.junit"/>
      <import plugin="org.eclipse.core.runtime"/>
   </requires>

   <plugin
         id="org.codehaus.groovy"
         download-size="0"
         install-size="0"
         version="1.7.10.xx-20120213-1100-e37"/>

   <plugin
         id="org.codehaus.groovy.eclipse"
         download-size="0"
         install-size="0"
         version="2.6.1.xx-20120213-1100-e37"/>

</feature>
