<?xml version="1.0" encoding="UTF-8"?>
<!--
    Copyright (c) 2009 Codehaus.org, SpringSource, and others.
    All rights reserved. This program and the accompanying materials
    are made available under the terms of the Eclipse Public License v1.0
    which accompanies this distribution, and is available at
    http://www.eclipse.org/legal/epl-v10.html
   
    Contributors:
        Andrew Eisenberg - modified for Groovy Eclipse 2.0
 -->
<feature
      id="org.codehaus.groovy.jdt.patch"
      label="%featureName"
      version="2.6.1.xx-20120213-1100-e37"
      provider-name="%providerName"
      plugin="org.codehaus.groovy.eclipse">

   <description url="%descriptionURL">
      %description
   </description>

   <copyright>
      %copyright
   </copyright>

   <license url="%licenseURL">
      %license
   </license>

   <requires>
      <import feature="org.eclipse.jdt" version="3.7.0.v20110121-7z8fFb7FMTfESMtR15KlAcZ9H155" patch="true"/>
   </requires>

   <plugin
         id="org.eclipse.jdt.core"
         download-size="0"
         install-size="0"
         version="3.7.1.xx-20120213-1100-e37"
         unpack="false"/>

   <plugin
         id="org.codehaus.groovy.eclipse"
         download-size="0"
         install-size="0"
         version="2.6.1.xx-20120213-1100-e37"/>

</feature>
